field_name_adj,year,indicator,cost,indicator_name
Belridge South,1977,m_opex_imputed,,OpEx
Belridge South,1977,m_capex_imputed,,CapEx
Belridge South,1978,m_opex_imputed,1.3893687125,OpEx
Belridge South,1978,m_capex_imputed,5.4426493625,CapEx
Belridge South,1979,m_opex_imputed,1.8282705875,OpEx
Belridge South,1979,m_capex_imputed,5.5552810125,CapEx
Belridge South,1980,m_opex_imputed,2.6727713375,OpEx
Belridge South,1980,m_capex_imputed,5.7521925,CapEx
Belridge South,1981,m_opex_imputed,4.1769489625,OpEx
Belridge South,1981,m_capex_imputed,6.265807,CapEx
Belridge South,1982,m_opex_imputed,6.5784298375,OpEx
Belridge South,1982,m_capex_imputed,6.627265,CapEx
Belridge South,1983,m_opex_imputed,3.819102575,OpEx
Belridge South,1983,m_capex_imputed,6.096731375,CapEx
Belridge South,1984,m_opex_imputed,3.772085575,OpEx
Belridge South,1984,m_capex_imputed,6.052613625,CapEx
Belridge South,1985,m_opex_imputed,5.3755693125,OpEx
Belridge South,1985,m_capex_imputed,6.15529675,CapEx
Belridge South,1986,m_opex_imputed,3.5164679375,OpEx
Belridge South,1986,m_capex_imputed,5.966035,CapEx
Belridge South,1987,m_opex_imputed,3.5953784375,OpEx
Belridge South,1987,m_capex_imputed,5.837385375,CapEx
Belridge South,1988,m_opex_imputed,3.5507338125,OpEx
Belridge South,1988,m_capex_imputed,6.063041375,CapEx
Belridge South,1989,m_opex_imputed,3.8685281875,OpEx
Belridge South,1989,m_capex_imputed,6.133472875,CapEx
Belridge South,1990,m_opex_imputed,4.4985319375,OpEx
Belridge South,1990,m_capex_imputed,6.267655125,CapEx
Belridge South,1991,m_opex_imputed,4.1993643125,OpEx
Belridge South,1991,m_capex_imputed,6.252387625,CapEx
Belridge South,1992,m_opex_imputed,3.8396384375,OpEx
Belridge South,1992,m_capex_imputed,6.455913625,CapEx
Belridge South,1993,m_opex_imputed,3.7376194375,OpEx
Belridge South,1993,m_capex_imputed,6.065754375,CapEx
Belridge South,1994,m_opex_imputed,3.7719993125,OpEx
Belridge South,1994,m_capex_imputed,6.104041,CapEx
Belridge South,1995,m_opex_imputed,3.8481691875,OpEx
Belridge South,1995,m_capex_imputed,6.14960275,CapEx
Belridge South,1996,m_opex_imputed,4.1456731875,OpEx
Belridge South,1996,m_capex_imputed,6.215583,CapEx
Belridge South,1997,m_opex_imputed,4.1962834375,OpEx
Belridge South,1997,m_capex_imputed,6.323490875,CapEx
Belridge South,1998,m_opex_imputed,4.0615133125,OpEx
Belridge South,1998,m_capex_imputed,6.359044,CapEx
Belridge South,1999,m_opex_imputed,4.6720149375,OpEx
Belridge South,1999,m_capex_imputed,6.28952625,CapEx
Belridge South,2000,m_opex_imputed,5.2429836875,OpEx
Belridge South,2000,m_capex_imputed,6.411802,CapEx
Belridge South,2001,m_opex_imputed,5.9004216875,OpEx
Belridge South,2001,m_capex_imputed,6.729136125,CapEx
Belridge South,2002,m_opex_imputed,6.4201406875,OpEx
Belridge South,2002,m_capex_imputed,6.973575,CapEx
Belridge South,2003,m_opex_imputed,7.3948588125,OpEx
Belridge South,2003,m_capex_imputed,6.996444375,CapEx
Belridge South,2004,m_opex_imputed,8.3304721875,OpEx
Belridge South,2004,m_capex_imputed,7.409277625,CapEx
Belridge South,2005,m_opex_imputed,9.5494761875,OpEx
Belridge South,2005,m_capex_imputed,8.17339125,CapEx
Belridge South,2006,m_opex_imputed,11.1974308125,OpEx
Belridge South,2006,m_capex_imputed,7.990225125,CapEx
Belridge South,2007,m_opex_imputed,13.31297225,OpEx
Belridge South,2007,m_capex_imputed,8.112970625,CapEx
Belridge South,2008,m_opex_imputed,16.6334585,OpEx
Belridge South,2008,m_capex_imputed,8.380302,CapEx
Belridge South,2009,m_opex_imputed,17.021613,OpEx
Belridge South,2009,m_capex_imputed,7.65369325,CapEx
Belridge South,2010,m_opex_imputed,18.03548075,OpEx
Belridge South,2010,m_capex_imputed,8.086305375,CapEx
Belridge South,2011,m_opex_imputed,20.7257575,OpEx
Belridge South,2011,m_capex_imputed,8.104632125,CapEx
Belridge South,2012,m_opex_imputed,21.08914125,OpEx
Belridge South,2012,m_capex_imputed,8.610622875,CapEx
Belridge South,2013,m_opex_imputed,21.82439125,OpEx
Belridge South,2013,m_capex_imputed,9.305520125,CapEx
Belridge South,2014,m_opex_imputed,21.35489875,OpEx
Belridge South,2014,m_capex_imputed,9.582443125,CapEx
Belridge South,2015,m_opex_imputed,17.60441075,OpEx
Belridge South,2015,m_capex_imputed,9.142710875,CapEx
Belridge South,2016,m_opex_imputed,16.164876875,OpEx
Belridge South,2016,m_capex_imputed,8.63405025,CapEx
Belridge South,2017,m_opex_imputed,16.511877,OpEx
Belridge South,2017,m_capex_imputed,8.827707625,CapEx
Belridge South,2018,m_opex_imputed,18.518973625,OpEx
Belridge South,2018,m_capex_imputed,9.193783875,CapEx
Belridge South,2019,m_opex_imputed,17.797041,OpEx
Belridge South,2019,m_capex_imputed,9.85467475,CapEx
Coalinga,1977,m_opex_imputed,,OpEx
Coalinga,1977,m_capex_imputed,,CapEx
Coalinga,1978,m_opex_imputed,1.255587125,OpEx
Coalinga,1978,m_capex_imputed,7.2871959,CapEx
Coalinga,1979,m_opex_imputed,1.807030125,OpEx
Coalinga,1979,m_capex_imputed,7.39830935,CapEx
Coalinga,1980,m_opex_imputed,2.602135125,OpEx
Coalinga,1980,m_capex_imputed,7.65266515,CapEx
Coalinga,1981,m_opex_imputed,3.863080375,OpEx
Coalinga,1981,m_capex_imputed,8.10078925,CapEx
Coalinga,1982,m_opex_imputed,5.952208375,OpEx
Coalinga,1982,m_capex_imputed,8.514214,CapEx
Coalinga,1983,m_opex_imputed,3.508171375,OpEx
Coalinga,1983,m_capex_imputed,7.9451995,CapEx
Coalinga,1984,m_opex_imputed,3.445555375,OpEx
Coalinga,1984,m_capex_imputed,7.90867575,CapEx
Coalinga,1985,m_opex_imputed,3.448594875,OpEx
Coalinga,1985,m_capex_imputed,8.0364945,CapEx
Coalinga,1986,m_opex_imputed,2.346216625,OpEx
Coalinga,1986,m_capex_imputed,7.792496875,CapEx
Coalinga,1987,m_opex_imputed,2.446237625,OpEx
Coalinga,1987,m_capex_imputed,7.68831235,CapEx
Coalinga,1988,m_opex_imputed,2.415718875,OpEx
Coalinga,1988,m_capex_imputed,7.888518,CapEx
Coalinga,1989,m_opex_imputed,2.636480125,OpEx
Coalinga,1989,m_capex_imputed,7.8972495,CapEx
Coalinga,1990,m_opex_imputed,3.055735875,OpEx
Coalinga,1990,m_capex_imputed,7.95556425,CapEx
Coalinga,1991,m_opex_imputed,2.828405125,OpEx
Coalinga,1991,m_capex_imputed,7.95435825,CapEx
Coalinga,1992,m_opex_imputed,2.490861625,OpEx
Coalinga,1992,m_capex_imputed,7.91709775,CapEx
Coalinga,1993,m_opex_imputed,2.382495875,OpEx
Coalinga,1993,m_capex_imputed,7.9497265,CapEx
Coalinga,1994,m_opex_imputed,2.357653875,OpEx
Coalinga,1994,m_capex_imputed,7.99103025,CapEx
Coalinga,1995,m_opex_imputed,2.384563875,OpEx
Coalinga,1995,m_capex_imputed,8.1398895,CapEx
Coalinga,1996,m_opex_imputed,2.583800375,OpEx
Coalinga,1996,m_capex_imputed,8.314826,CapEx
Coalinga,1997,m_opex_imputed,2.566475625,OpEx
Coalinga,1997,m_capex_imputed,8.61366225,CapEx
Coalinga,1998,m_opex_imputed,2.363681875,OpEx
Coalinga,1998,m_capex_imputed,8.71656625,CapEx
Coalinga,1999,m_opex_imputed,2.684803125,OpEx
Coalinga,1999,m_capex_imputed,8.56791075,CapEx
Coalinga,2000,m_opex_imputed,3.021468875,OpEx
Coalinga,2000,m_capex_imputed,8.91912775,CapEx
Coalinga,2001,m_opex_imputed,3.266947875,OpEx
Coalinga,2001,m_capex_imputed,9.7914635,CapEx
Coalinga,2002,m_opex_imputed,3.466712625,OpEx
Coalinga,2002,m_capex_imputed,10.2502365,CapEx
Coalinga,2003,m_opex_imputed,4.000957375,OpEx
Coalinga,2003,m_capex_imputed,10.100875,CapEx
Coalinga,2004,m_opex_imputed,4.167914125,OpEx
Coalinga,2004,m_capex_imputed,10.51665275,CapEx
Coalinga,2005,m_opex_imputed,4.749429125,OpEx
Coalinga,2005,m_capex_imputed,11.662541,CapEx
Coalinga,2006,m_opex_imputed,5.666530875,OpEx
Coalinga,2006,m_capex_imputed,13.37170875,CapEx
Coalinga,2007,m_opex_imputed,7.14778525,OpEx
Coalinga,2007,m_capex_imputed,13.619807,CapEx
Coalinga,2008,m_opex_imputed,9.006142,OpEx
Coalinga,2008,m_capex_imputed,13.53460725,CapEx
Coalinga,2009,m_opex_imputed,10.976085,OpEx
Coalinga,2009,m_capex_imputed,10.01076675,CapEx
Coalinga,2010,m_opex_imputed,12.0432445,OpEx
Coalinga,2010,m_capex_imputed,10.57605725,CapEx
Coalinga,2011,m_opex_imputed,15.6106525,OpEx
Coalinga,2011,m_capex_imputed,11.99053125,CapEx
Coalinga,2012,m_opex_imputed,15.8645025,OpEx
Coalinga,2012,m_capex_imputed,13.46653875,CapEx
Coalinga,2013,m_opex_imputed,16.2962025,OpEx
Coalinga,2013,m_capex_imputed,13.4996285,CapEx
Coalinga,2014,m_opex_imputed,15.99393,OpEx
Coalinga,2014,m_capex_imputed,13.69110025,CapEx
Coalinga,2015,m_opex_imputed,12.4871175,OpEx
Coalinga,2015,m_capex_imputed,11.43129975,CapEx
Coalinga,2016,m_opex_imputed,11.33770325,OpEx
Coalinga,2016,m_capex_imputed,10.49909475,CapEx
Coalinga,2017,m_opex_imputed,12.12481425,OpEx
Coalinga,2017,m_capex_imputed,13.20041775,CapEx
Coalinga,2018,m_opex_imputed,13.3583275,OpEx
Coalinga,2018,m_capex_imputed,14.06222975,CapEx
Coalinga,2019,m_opex_imputed,12.90441925,OpEx
Coalinga,2019,m_capex_imputed,14.76080725,CapEx
Cymric,1977,m_opex_imputed,,OpEx
Cymric,1977,m_capex_imputed,,CapEx
Cymric,1978,m_opex_imputed,1.4411323625,OpEx
Cymric,1978,m_capex_imputed,5.3305590125,CapEx
Cymric,1979,m_opex_imputed,2.0154909875,OpEx
Cymric,1979,m_capex_imputed,5.4388721625,CapEx
Cymric,1980,m_opex_imputed,3.1229394875,OpEx
Cymric,1980,m_capex_imputed,5.6975204375,CapEx
Cymric,1981,m_opex_imputed,5.0435779875,OpEx
Cymric,1981,m_capex_imputed,6.1559172,CapEx
Cymric,1982,m_opex_imputed,8.2478638625,OpEx
Cymric,1982,m_capex_imputed,6.5816179,CapEx
Cymric,1983,m_opex_imputed,4.670234525,OpEx
Cymric,1983,m_capex_imputed,5.989310975,CapEx
Cymric,1984,m_opex_imputed,4.6526677625,OpEx
Cymric,1984,m_capex_imputed,5.9495620375,CapEx
Cymric,1985,m_opex_imputed,5.6863535125,OpEx
Cymric,1985,m_capex_imputed,6.0259476875,CapEx
Cymric,1986,m_opex_imputed,3.7841395125,OpEx
Cymric,1986,m_capex_imputed,6.697874375,CapEx
Cymric,1987,m_opex_imputed,3.8626833875,OpEx
Cymric,1987,m_capex_imputed,6.1880979625,CapEx
Cymric,1988,m_opex_imputed,3.937974775,OpEx
Cymric,1988,m_capex_imputed,6.043312625,CapEx
Cymric,1989,m_opex_imputed,4.3130403125,OpEx
Cymric,1989,m_capex_imputed,5.9228346875,CapEx
Cymric,1990,m_opex_imputed,5.0490711875,OpEx
Cymric,1990,m_capex_imputed,5.9615266,CapEx
Cymric,1991,m_opex_imputed,4.8554554375,OpEx
Cymric,1991,m_capex_imputed,5.9364008625,CapEx
Cymric,1992,m_opex_imputed,4.2342638125,OpEx
Cymric,1992,m_capex_imputed,5.8139204375,CapEx
Cymric,1993,m_opex_imputed,4.0692894375,OpEx
Cymric,1993,m_capex_imputed,5.8209019,CapEx
Cymric,1994,m_opex_imputed,4.0773156875,OpEx
Cymric,1994,m_capex_imputed,5.836621375,CapEx
Cymric,1995,m_opex_imputed,4.1327749375,OpEx
Cymric,1995,m_capex_imputed,5.944642525,CapEx
Cymric,1996,m_opex_imputed,4.4624749375,OpEx
Cymric,1996,m_capex_imputed,6.10357545,CapEx
Cymric,1997,m_opex_imputed,4.4778915625,OpEx
Cymric,1997,m_capex_imputed,6.3206134,CapEx
Cymric,1998,m_opex_imputed,4.2627764375,OpEx
Cymric,1998,m_capex_imputed,6.3932910875,CapEx
Cymric,1999,m_opex_imputed,4.7294231875,OpEx
Cymric,1999,m_capex_imputed,6.2584485625,CapEx
Cymric,2000,m_opex_imputed,5.0161244375,OpEx
Cymric,2000,m_capex_imputed,6.4478374375,CapEx
Cymric,2001,m_opex_imputed,5.3192549375,OpEx
Cymric,2001,m_capex_imputed,6.087034625,CapEx
Cymric,2002,m_opex_imputed,5.5987133125,OpEx
Cymric,2002,m_capex_imputed,6.6710698625,CapEx
Cymric,2003,m_opex_imputed,6.4256435625,OpEx
Cymric,2003,m_capex_imputed,6.60193825,CapEx
Cymric,2004,m_opex_imputed,7.3213921875,OpEx
Cymric,2004,m_capex_imputed,7.4355272375,CapEx
Cymric,2005,m_opex_imputed,8.8120118125,OpEx
Cymric,2005,m_capex_imputed,9.504021125,CapEx
Cymric,2006,m_opex_imputed,10.8904689375,OpEx
Cymric,2006,m_capex_imputed,10.107608125,CapEx
Cymric,2007,m_opex_imputed,13.541206375,OpEx
Cymric,2007,m_capex_imputed,10.432543375,CapEx
Cymric,2008,m_opex_imputed,17.223161,OpEx
Cymric,2008,m_capex_imputed,10.480175,CapEx
Cymric,2009,m_opex_imputed,16.62930875,OpEx
Cymric,2009,m_capex_imputed,7.14098,CapEx
Cymric,2010,m_opex_imputed,17.74217725,OpEx
Cymric,2010,m_capex_imputed,8.106906625,CapEx
Cymric,2011,m_opex_imputed,20.63371,OpEx
Cymric,2011,m_capex_imputed,8.9571403375,CapEx
Cymric,2012,m_opex_imputed,20.9815375,OpEx
Cymric,2012,m_capex_imputed,11.332269875,CapEx
Cymric,2013,m_opex_imputed,21.73508875,OpEx
Cymric,2013,m_capex_imputed,12.96710075,CapEx
Cymric,2014,m_opex_imputed,21.586685,OpEx
Cymric,2014,m_capex_imputed,12.243961375,CapEx
Cymric,2015,m_opex_imputed,17.67844625,OpEx
Cymric,2015,m_capex_imputed,9.969143375,CapEx
Cymric,2016,m_opex_imputed,16.426342875,OpEx
Cymric,2016,m_capex_imputed,9.821279125,CapEx
Cymric,2017,m_opex_imputed,17.234002125,OpEx
Cymric,2017,m_capex_imputed,11.009447125,CapEx
Cymric,2018,m_opex_imputed,18.55317625,OpEx
Cymric,2018,m_capex_imputed,12.658624625,CapEx
Cymric,2019,m_opex_imputed,17.752105875,OpEx
Cymric,2019,m_capex_imputed,13.120791625,CapEx
Elk Hills,1977,m_opex_imputed,,OpEx
Elk Hills,1977,m_capex_imputed,,CapEx
Elk Hills,1978,m_opex_imputed,1.27293353333333,OpEx
Elk Hills,1978,m_capex_imputed,1.84177333333333,CapEx
Elk Hills,1979,m_opex_imputed,1.65195353333333,OpEx
Elk Hills,1979,m_capex_imputed,1.97747466666667,CapEx
Elk Hills,1980,m_opex_imputed,2.01303153333333,OpEx
Elk Hills,1980,m_capex_imputed,2.147399,CapEx
Elk Hills,1981,m_opex_imputed,2.57584453333333,OpEx
Elk Hills,1981,m_capex_imputed,2.91293433333333,CapEx
Elk Hills,1982,m_opex_imputed,3.21138686666667,OpEx
Elk Hills,1982,m_capex_imputed,3.326891,CapEx
Elk Hills,1983,m_opex_imputed,2.24305753333333,OpEx
Elk Hills,1983,m_capex_imputed,2.65027766666667,CapEx
Elk Hills,1984,m_opex_imputed,2.18864553333333,OpEx
Elk Hills,1984,m_capex_imputed,2.571025,CapEx
Elk Hills,1985,m_opex_imputed,5.33979666666667,OpEx
Elk Hills,1985,m_capex_imputed,2.67125633333333,CapEx
Elk Hills,1986,m_opex_imputed,3.32377133333333,OpEx
Elk Hills,1986,m_capex_imputed,2.46545033333333,CapEx
Elk Hills,1987,m_opex_imputed,3.407595,OpEx
Elk Hills,1987,m_capex_imputed,2.242169,CapEx
Elk Hills,1988,m_opex_imputed,3.322777,OpEx
Elk Hills,1988,m_capex_imputed,2.57940666666667,CapEx
Elk Hills,1989,m_opex_imputed,3.72637466666667,OpEx
Elk Hills,1989,m_capex_imputed,2.747128,CapEx
Elk Hills,1990,m_opex_imputed,4.398108,OpEx
Elk Hills,1990,m_capex_imputed,3.02517033333333,CapEx
Elk Hills,1991,m_opex_imputed,4.02988133333333,OpEx
Elk Hills,1991,m_capex_imputed,2.97845166666667,CapEx
Elk Hills,1992,m_opex_imputed,4.17583033333333,OpEx
Elk Hills,1992,m_capex_imputed,3.64661533333333,CapEx
Elk Hills,1993,m_opex_imputed,4.31052666666667,OpEx
Elk Hills,1993,m_capex_imputed,2.65999033333333,CapEx
Elk Hills,1994,m_opex_imputed,4.535789,OpEx
Elk Hills,1994,m_capex_imputed,2.705583,CapEx
Elk Hills,1995,m_opex_imputed,4.802491,OpEx
Elk Hills,1995,m_capex_imputed,2.751175,CapEx
Elk Hills,1996,m_opex_imputed,5.22952266666667,OpEx
Elk Hills,1996,m_capex_imputed,2.79676733333333,CapEx
Elk Hills,1997,m_opex_imputed,5.48853466666667,OpEx
Elk Hills,1997,m_capex_imputed,2.84235933333333,CapEx
Elk Hills,1998,m_opex_imputed,5.60426066666667,OpEx
Elk Hills,1998,m_capex_imputed,2.887952,CapEx
Elk Hills,1999,m_opex_imputed,6.65618833333333,OpEx
Elk Hills,1999,m_capex_imputed,2.933544,CapEx
Elk Hills,2000,m_opex_imputed,7.70583966666667,OpEx
Elk Hills,2000,m_capex_imputed,2.97913666666667,CapEx
Elk Hills,2001,m_opex_imputed,8.78397366666667,OpEx
Elk Hills,2001,m_capex_imputed,3.02472866666667,CapEx
Elk Hills,2002,m_opex_imputed,9.82211366666667,OpEx
Elk Hills,2002,m_capex_imputed,3.070321,CapEx
Elk Hills,2003,m_opex_imputed,11.2052066666667,OpEx
Elk Hills,2003,m_capex_imputed,3.115913,CapEx
Elk Hills,2004,m_opex_imputed,12.5278956666667,OpEx
Elk Hills,2004,m_capex_imputed,3.16150533333333,CapEx
Elk Hills,2005,m_opex_imputed,13.90587,OpEx
Elk Hills,2005,m_capex_imputed,3.207098,CapEx
Elk Hills,2006,m_opex_imputed,15.5430133333333,OpEx
Elk Hills,2006,m_capex_imputed,3.25269,CapEx
Elk Hills,2007,m_opex_imputed,17.3472566666667,OpEx
Elk Hills,2007,m_capex_imputed,3.29828233333333,CapEx
Elk Hills,2008,m_opex_imputed,21.9520633333333,OpEx
Elk Hills,2008,m_capex_imputed,3.34387433333333,CapEx
Elk Hills,2009,m_opex_imputed,20.8288366666667,OpEx
Elk Hills,2009,m_capex_imputed,3.38946666666667,CapEx
Elk Hills,2010,m_opex_imputed,21.7989866666667,OpEx
Elk Hills,2010,m_capex_imputed,3.435059,CapEx
Elk Hills,2011,m_opex_imputed,23.5707833333333,OpEx
Elk Hills,2011,m_capex_imputed,3.48065166666667,CapEx
Elk Hills,2012,m_opex_imputed,24.0092766666667,OpEx
Elk Hills,2012,m_capex_imputed,3.52624366666667,CapEx
Elk Hills,2013,m_opex_imputed,24.8436366666667,OpEx
Elk Hills,2013,m_capex_imputed,3.571836,CapEx
Elk Hills,2014,m_opex_imputed,23.8829666666667,OpEx
Elk Hills,2014,m_capex_imputed,3.617428,CapEx
Elk Hills,2015,m_opex_imputed,20.1105066666667,OpEx
Elk Hills,2015,m_capex_imputed,3.66302033333333,CapEx
Elk Hills,2016,m_opex_imputed,18.3235233333333,OpEx
Elk Hills,2016,m_capex_imputed,3.70861266666667,CapEx
Elk Hills,2017,m_opex_imputed,17.8816256666667,OpEx
Elk Hills,2017,m_capex_imputed,4.88242833333333,CapEx
Elk Hills,2018,m_opex_imputed,21.1068966666667,OpEx
Elk Hills,2018,m_capex_imputed,2.67157366666667,CapEx
Elk Hills,2019,m_opex_imputed,20.6081366666667,OpEx
Elk Hills,2019,m_capex_imputed,3.84538933333333,CapEx
Kern River,1977,m_opex_imputed,,OpEx
Kern River,1977,m_capex_imputed,,CapEx
Kern River,1978,m_opex_imputed,1.45715515,OpEx
Kern River,1978,m_capex_imputed,2.85362635,CapEx
Kern River,1979,m_opex_imputed,2.02691948333333,OpEx
Kern River,1979,m_capex_imputed,2.95020951666667,CapEx
Kern River,1980,m_opex_imputed,3.03690548333333,OpEx
Kern River,1980,m_capex_imputed,3.18117175,CapEx
Kern River,1981,m_opex_imputed,4.74205998333333,OpEx
Kern River,1981,m_capex_imputed,3.59185793333333,CapEx
Kern River,1982,m_opex_imputed,7.57746498333333,OpEx
Kern River,1982,m_capex_imputed,3.97730786666667,CapEx
Kern River,1983,m_opex_imputed,4.40612486666667,OpEx
Kern River,1983,m_capex_imputed,3.45312413333333,CapEx
Kern River,1984,m_opex_imputed,4.42079951666667,OpEx
Kern River,1984,m_capex_imputed,3.42278188333333,CapEx
Kern River,1985,m_opex_imputed,7.39115991666667,OpEx
Kern River,1985,m_capex_imputed,3.47392058333333,CapEx
Kern River,1986,m_opex_imputed,4.71718991666667,OpEx
Kern River,1986,m_capex_imputed,4.508187,CapEx
Kern River,1987,m_opex_imputed,4.80366108333333,OpEx
Kern River,1987,m_capex_imputed,3.81550828333333,CapEx
Kern River,1988,m_opex_imputed,4.75585325,OpEx
Kern River,1988,m_capex_imputed,3.59922416666667,CapEx
Kern River,1989,m_opex_imputed,5.13501308333333,OpEx
Kern River,1989,m_capex_imputed,3.42455408333333,CapEx
Kern River,1990,m_opex_imputed,5.96679608333333,OpEx
Kern River,1990,m_capex_imputed,3.4584663,CapEx
Kern River,1991,m_opex_imputed,5.56510258333333,OpEx
Kern River,1991,m_capex_imputed,3.43270481666667,CapEx
Kern River,1992,m_opex_imputed,4.69104825,OpEx
Kern River,1992,m_capex_imputed,3.29177591666667,CapEx
Kern River,1993,m_opex_imputed,4.38569041666667,OpEx
Kern River,1993,m_capex_imputed,3.29697003333333,CapEx
Kern River,1994,m_opex_imputed,4.29400925,OpEx
Kern River,1994,m_capex_imputed,3.31044683333333,CapEx
Kern River,1995,m_opex_imputed,4.27777875,OpEx
Kern River,1995,m_capex_imputed,3.4067442,CapEx
Kern River,1996,m_opex_imputed,4.61909041666667,OpEx
Kern River,1996,m_capex_imputed,3.56280426666667,CapEx
Kern River,1997,m_opex_imputed,4.55033625,OpEx
Kern River,1997,m_capex_imputed,3.75454886666667,CapEx
Kern River,1998,m_opex_imputed,4.16567325,OpEx
Kern River,1998,m_capex_imputed,3.82211895,CapEx
Kern River,1999,m_opex_imputed,4.72644808333333,OpEx
Kern River,1999,m_capex_imputed,3.71035025,CapEx
Kern River,2000,m_opex_imputed,5.24456841666667,OpEx
Kern River,2000,m_capex_imputed,3.87656575,CapEx
Kern River,2001,m_opex_imputed,5.83920708333333,OpEx
Kern River,2001,m_capex_imputed,4.516778,CapEx
Kern River,2002,m_opex_imputed,6.21985258333333,OpEx
Kern River,2002,m_capex_imputed,4.84512931666667,CapEx
Kern River,2003,m_opex_imputed,7.33898491666667,OpEx
Kern River,2003,m_capex_imputed,4.872921,CapEx
Kern River,2004,m_opex_imputed,8.41466258333333,OpEx
Kern River,2004,m_capex_imputed,5.34880365,CapEx
Kern River,2005,m_opex_imputed,9.99513008333333,OpEx
Kern River,2005,m_capex_imputed,6.77079633333333,CapEx
Kern River,2006,m_opex_imputed,12.21762825,OpEx
Kern River,2006,m_capex_imputed,4.52449616666667,CapEx
Kern River,2007,m_opex_imputed,15.1129898333333,OpEx
Kern River,2007,m_capex_imputed,4.53952733333333,CapEx
Kern River,2008,m_opex_imputed,19.2787376666667,OpEx
Kern River,2008,m_capex_imputed,4.61510033333333,CapEx
Kern River,2009,m_opex_imputed,18.54922,OpEx
Kern River,2009,m_capex_imputed,4.96595516666667,CapEx
Kern River,2010,m_opex_imputed,19.61817,OpEx
Kern River,2010,m_capex_imputed,4.54852183333333,CapEx
Kern River,2011,m_opex_imputed,21.5548866666667,OpEx
Kern River,2011,m_capex_imputed,4.46053261666667,CapEx
Kern River,2012,m_opex_imputed,21.978125,OpEx
Kern River,2012,m_capex_imputed,6.965964,CapEx
Kern River,2013,m_opex_imputed,22.77864,OpEx
Kern River,2013,m_capex_imputed,10.0757655,CapEx
Kern River,2014,m_opex_imputed,22.6101133333333,OpEx
Kern River,2014,m_capex_imputed,8.95675916666667,CapEx
Kern River,2015,m_opex_imputed,18.6868566666667,OpEx
Kern River,2015,m_capex_imputed,7.56882683333333,CapEx
Kern River,2016,m_opex_imputed,17.376045,OpEx
Kern River,2016,m_capex_imputed,7.825877,CapEx
Kern River,2017,m_opex_imputed,18.1833983333333,OpEx
Kern River,2017,m_capex_imputed,7.58247716666667,CapEx
Kern River,2018,m_opex_imputed,19.4746716666667,OpEx
Kern River,2018,m_capex_imputed,9.12797166666667,CapEx
Kern River,2019,m_opex_imputed,18.5838233333333,OpEx
Kern River,2019,m_capex_imputed,9.56813883333333,CapEx
Lost Hills,1977,m_opex_imputed,,OpEx
Lost Hills,1977,m_capex_imputed,,CapEx
Lost Hills,1978,m_opex_imputed,1.4104474875,OpEx
Lost Hills,1978,m_capex_imputed,4.083275925,CapEx
Lost Hills,1979,m_opex_imputed,1.9967084875,OpEx
Lost Hills,1979,m_capex_imputed,4.211545925,CapEx
Lost Hills,1980,m_opex_imputed,2.9177532375,OpEx
Lost Hills,1980,m_capex_imputed,4.4732609375,CapEx
Lost Hills,1981,m_opex_imputed,4.4602689875,OpEx
Lost Hills,1981,m_capex_imputed,5.1189797,CapEx
Lost Hills,1982,m_opex_imputed,6.9190177375,OpEx
Lost Hills,1982,m_capex_imputed,5.6081704,CapEx
Lost Hills,1983,m_opex_imputed,4.081701025,OpEx
Lost Hills,1983,m_capex_imputed,4.872140475,CapEx
Lost Hills,1984,m_opex_imputed,4.0703922625,OpEx
Lost Hills,1984,m_capex_imputed,4.8033026625,CapEx
Lost Hills,1985,m_opex_imputed,6.2839608125,OpEx
Lost Hills,1985,m_capex_imputed,4.8847515625,CapEx
Lost Hills,1986,m_opex_imputed,4.0399493125,OpEx
Lost Hills,1986,m_capex_imputed,5.521844875,CapEx
Lost Hills,1987,m_opex_imputed,4.1394219375,OpEx
Lost Hills,1987,m_capex_imputed,4.942180875,CapEx
Lost Hills,1988,m_opex_imputed,4.0887069375,OpEx
Lost Hills,1988,m_capex_imputed,4.87763975,CapEx
Lost Hills,1989,m_opex_imputed,4.4638813125,OpEx
Lost Hills,1989,m_capex_imputed,4.8118825625,CapEx
Lost Hills,1990,m_opex_imputed,5.2170515625,OpEx
Lost Hills,1990,m_capex_imputed,4.937294725,CapEx
Lost Hills,1991,m_opex_imputed,4.8317401875,OpEx
Lost Hills,1991,m_capex_imputed,4.8886966125,CapEx
Lost Hills,1992,m_opex_imputed,4.3370344375,OpEx
Lost Hills,1992,m_capex_imputed,5.01753815,CapEx
Lost Hills,1993,m_opex_imputed,4.1866510625,OpEx
Lost Hills,1993,m_capex_imputed,4.6428598125,CapEx
Lost Hills,1994,m_opex_imputed,4.2011414375,OpEx
Lost Hills,1994,m_capex_imputed,4.66263845,CapEx
Lost Hills,1995,m_opex_imputed,4.2738921875,OpEx
Lost Hills,1995,m_capex_imputed,4.756408275,CapEx
Lost Hills,1996,m_opex_imputed,4.6213851875,OpEx
Lost Hills,1996,m_capex_imputed,4.89913495,CapEx
Lost Hills,1997,m_opex_imputed,4.6539893125,OpEx
Lost Hills,1997,m_capex_imputed,5.08218015,CapEx
Lost Hills,1998,m_opex_imputed,4.4453555625,OpEx
Lost Hills,1998,m_capex_imputed,5.1527379625,CapEx
Lost Hills,1999,m_opex_imputed,4.9590523125,OpEx
Lost Hills,1999,m_capex_imputed,5.0582080625,CapEx
Lost Hills,2000,m_opex_imputed,5.4401240625,OpEx
Lost Hills,2000,m_capex_imputed,5.2078601875,CapEx
Lost Hills,2001,m_opex_imputed,5.9822051875,OpEx
Lost Hills,2001,m_capex_imputed,5.777775875,CapEx
Lost Hills,2002,m_opex_imputed,6.3591859375,OpEx
Lost Hills,2002,m_capex_imputed,6.0962642375,CapEx
Lost Hills,2003,m_opex_imputed,7.3025056875,OpEx
Lost Hills,2003,m_capex_imputed,6.111659875,CapEx
Lost Hills,2004,m_opex_imputed,8.2129954375,OpEx
Lost Hills,2004,m_capex_imputed,6.5678689875,CapEx
Lost Hills,2005,m_opex_imputed,9.5125381875,OpEx
Lost Hills,2005,m_capex_imputed,7.83226725,CapEx
Lost Hills,2006,m_opex_imputed,11.3080116875,OpEx
Lost Hills,2006,m_capex_imputed,7.25424625,CapEx
Lost Hills,2007,m_opex_imputed,13.618996375,OpEx
Lost Hills,2007,m_capex_imputed,7.35499025,CapEx
Lost Hills,2008,m_opex_imputed,16.8813635,OpEx
Lost Hills,2008,m_capex_imputed,7.370899875,CapEx
Lost Hills,2009,m_opex_imputed,16.5742075,OpEx
Lost Hills,2009,m_capex_imputed,6.3635375,CapEx
Lost Hills,2010,m_opex_imputed,17.64745975,OpEx
Lost Hills,2010,m_capex_imputed,6.078009625,CapEx
Lost Hills,2011,m_opex_imputed,20.36491,OpEx
Lost Hills,2011,m_capex_imputed,6.9830309625,CapEx
Lost Hills,2012,m_opex_imputed,20.7327875,OpEx
Lost Hills,2012,m_capex_imputed,8.749530125,CapEx
Lost Hills,2013,m_opex_imputed,21.41323375,OpEx
Lost Hills,2013,m_capex_imputed,10.73095825,CapEx
Lost Hills,2014,m_opex_imputed,20.8959625,OpEx
Lost Hills,2014,m_capex_imputed,10.245312875,CapEx
Lost Hills,2015,m_opex_imputed,17.16156625,OpEx
Lost Hills,2015,m_capex_imputed,8.0438515,CapEx
Lost Hills,2016,m_opex_imputed,15.765260375,OpEx
Lost Hills,2016,m_capex_imputed,7.381061875,CapEx
Lost Hills,2017,m_opex_imputed,16.15088675,OpEx
Lost Hills,2017,m_capex_imputed,8.674148625,CapEx
Lost Hills,2018,m_opex_imputed,17.76805625,OpEx
Lost Hills,2018,m_capex_imputed,10.047924125,CapEx
Lost Hills,2019,m_opex_imputed,17.220539625,OpEx
Lost Hills,2019,m_capex_imputed,10.446752875,CapEx
Midway-Sunset,1977,m_opex_imputed,,OpEx
Midway-Sunset,1977,m_capex_imputed,,CapEx
Midway-Sunset,1978,m_opex_imputed,1.31601094166667,OpEx
Midway-Sunset,1978,m_capex_imputed,4.529390425,CapEx
Midway-Sunset,1979,m_opex_imputed,1.79367169166667,OpEx
Midway-Sunset,1979,m_capex_imputed,4.639974025,CapEx
Midway-Sunset,1980,m_opex_imputed,2.62224019166667,OpEx
Midway-Sunset,1980,m_capex_imputed,4.85933770833333,CapEx
Midway-Sunset,1981,m_opex_imputed,4.04336910833333,OpEx
Midway-Sunset,1981,m_capex_imputed,5.36076888333333,CapEx
Midway-Sunset,1982,m_opex_imputed,6.338445275,OpEx
Midway-Sunset,1982,m_capex_imputed,5.7525081,CapEx
Midway-Sunset,1983,m_opex_imputed,3.733765875,OpEx
Midway-Sunset,1983,m_capex_imputed,5.19293298333333,CapEx
Midway-Sunset,1984,m_opex_imputed,3.73094086666667,OpEx
Midway-Sunset,1984,m_capex_imputed,5.151071025,CapEx
Midway-Sunset,1985,m_opex_imputed,5.486938025,OpEx
Midway-Sunset,1985,m_capex_imputed,5.231502375,CapEx
Midway-Sunset,1986,m_opex_imputed,3.65196579166667,OpEx
Midway-Sunset,1986,m_capex_imputed,5.632451,CapEx
Midway-Sunset,1987,m_opex_imputed,3.797954375,OpEx
Midway-Sunset,1987,m_capex_imputed,5.24122939166667,CapEx
Midway-Sunset,1988,m_opex_imputed,3.815065125,OpEx
Midway-Sunset,1988,m_capex_imputed,5.23346591666667,CapEx
Midway-Sunset,1989,m_opex_imputed,4.18676479166667,OpEx
Midway-Sunset,1989,m_capex_imputed,5.19952654166667,CapEx
Midway-Sunset,1990,m_opex_imputed,4.884064875,OpEx
Midway-Sunset,1990,m_capex_imputed,5.29928148333333,CapEx
Midway-Sunset,1991,m_opex_imputed,5.31571820833333,OpEx
Midway-Sunset,1991,m_capex_imputed,5.27530190833333,CapEx
Midway-Sunset,1992,m_opex_imputed,4.38398629166667,OpEx
Midway-Sunset,1992,m_capex_imputed,5.342949625,CapEx
Midway-Sunset,1993,m_opex_imputed,4.155731625,OpEx
Midway-Sunset,1993,m_capex_imputed,5.08223551666667,CapEx
Midway-Sunset,1994,m_opex_imputed,4.120068625,OpEx
Midway-Sunset,1994,m_capex_imputed,5.1103435,CapEx
Midway-Sunset,1995,m_opex_imputed,4.14724495833333,OpEx
Midway-Sunset,1995,m_capex_imputed,5.17580526666667,CapEx
Midway-Sunset,1996,m_opex_imputed,4.45942179166667,OpEx
Midway-Sunset,1996,m_capex_imputed,5.28544271666667,CapEx
Midway-Sunset,1997,m_opex_imputed,4.456611875,OpEx
Midway-Sunset,1997,m_capex_imputed,5.43381776666667,CapEx
Midway-Sunset,1998,m_opex_imputed,4.20803995833333,OpEx
Midway-Sunset,1998,m_capex_imputed,5.485953475,CapEx
Midway-Sunset,1999,m_opex_imputed,4.816519875,OpEx
Midway-Sunset,1999,m_capex_imputed,5.399741375,CapEx
Midway-Sunset,2000,m_opex_imputed,5.38407195833333,OpEx
Midway-Sunset,2000,m_capex_imputed,5.529682875,CapEx
Midway-Sunset,2001,m_opex_imputed,6.017062625,OpEx
Midway-Sunset,2001,m_capex_imputed,5.99292175,CapEx
Midway-Sunset,2002,m_opex_imputed,6.38074720833333,OpEx
Midway-Sunset,2002,m_capex_imputed,6.26522974166667,CapEx
Midway-Sunset,2003,m_opex_imputed,8.33436670833333,OpEx
Midway-Sunset,2003,m_capex_imputed,6.30560558333333,CapEx
Midway-Sunset,2004,m_opex_imputed,8.48444679166667,OpEx
Midway-Sunset,2004,m_capex_imputed,6.74619549166667,CapEx
Midway-Sunset,2005,m_opex_imputed,9.84879920833333,OpEx
Midway-Sunset,2005,m_capex_imputed,7.81977716666667,CapEx
Midway-Sunset,2006,m_opex_imputed,12.138907875,OpEx
Midway-Sunset,2006,m_capex_imputed,7.80793775,CapEx
Midway-Sunset,2007,m_opex_imputed,14.480099,OpEx
Midway-Sunset,2007,m_capex_imputed,8.01777016666667,CapEx
Midway-Sunset,2008,m_opex_imputed,16.9725623333333,OpEx
Midway-Sunset,2008,m_capex_imputed,8.34912083333333,CapEx
Midway-Sunset,2009,m_opex_imputed,16.9573836666667,OpEx
Midway-Sunset,2009,m_capex_imputed,6.80680566666667,CapEx
Midway-Sunset,2010,m_opex_imputed,18.0522371666667,OpEx
Midway-Sunset,2010,m_capex_imputed,7.18184166666667,CapEx
Midway-Sunset,2011,m_opex_imputed,20.5207283333333,OpEx
Midway-Sunset,2011,m_capex_imputed,7.714435475,CapEx
Midway-Sunset,2012,m_opex_imputed,20.9105725,OpEx
Midway-Sunset,2012,m_capex_imputed,9.12778791666667,CapEx
Midway-Sunset,2013,m_opex_imputed,21.6341375,OpEx
Midway-Sunset,2013,m_capex_imputed,10.1406021666667,CapEx
Midway-Sunset,2014,m_opex_imputed,21.3191216666667,OpEx
Midway-Sunset,2014,m_capex_imputed,9.608977,CapEx
Midway-Sunset,2015,m_opex_imputed,17.6036213333333,OpEx
Midway-Sunset,2015,m_capex_imputed,8.3989305,CapEx
Midway-Sunset,2016,m_opex_imputed,16.32880625,OpEx
Midway-Sunset,2016,m_capex_imputed,7.95372991666667,CapEx
Midway-Sunset,2017,m_opex_imputed,16.7649013333333,OpEx
Midway-Sunset,2017,m_capex_imputed,8.80844583333333,CapEx
Midway-Sunset,2018,m_opex_imputed,18.2575515833333,OpEx
Midway-Sunset,2018,m_capex_imputed,9.78536308333333,CapEx
Midway-Sunset,2019,m_opex_imputed,17.6628648333333,OpEx
Midway-Sunset,2019,m_capex_imputed,10.1790749166667,CapEx
Non-top field,1977,m_opex_imputed,,OpEx
Non-top field,1977,m_capex_imputed,,CapEx
Non-top field,1978,m_opex_imputed,1.75641836921937,OpEx
Non-top field,1978,m_capex_imputed,3.50047193670949,CapEx
Non-top field,1979,m_opex_imputed,2.54214993674242,OpEx
Non-top field,1979,m_capex_imputed,3.66768177905138,CapEx
Non-top field,1980,m_opex_imputed,3.76703411592556,OpEx
Non-top field,1980,m_capex_imputed,3.97011258781291,CapEx
Non-top field,1981,m_opex_imputed,5.90586632738801,OpEx
Non-top field,1981,m_capex_imputed,4.80432542440711,CapEx
Non-top field,1982,m_opex_imputed,8.52832611263175,OpEx
Non-top field,1982,m_capex_imputed,5.36365168376153,CapEx
Non-top field,1983,m_opex_imputed,5.18072596222003,OpEx
Non-top field,1983,m_capex_imputed,4.44395479888011,CapEx
Non-top field,1984,m_opex_imputed,5.13566121656785,OpEx
Non-top field,1984,m_capex_imputed,4.32225254897892,CapEx
Non-top field,1985,m_opex_imputed,6.37179112840909,OpEx
Non-top field,1985,m_capex_imputed,4.08539034321476,CapEx
Non-top field,1986,m_opex_imputed,4.30975085051054,OpEx
Non-top field,1986,m_capex_imputed,4.03177740223979,CapEx
Non-top field,1987,m_opex_imputed,4.36949349214427,OpEx
Non-top field,1987,m_capex_imputed,3.96207673904809,CapEx
Non-top field,1988,m_opex_imputed,4.35656686862648,OpEx
Non-top field,1988,m_capex_imputed,4.14185442183794,CapEx
Non-top field,1989,m_opex_imputed,4.93812332198617,OpEx
Non-top field,1989,m_capex_imputed,4.13945556442688,CapEx
Non-top field,1990,m_opex_imputed,5.91869514346179,OpEx
Non-top field,1990,m_capex_imputed,4.22334528975626,CapEx
Non-top field,1991,m_opex_imputed,5.45965242392951,OpEx
Non-top field,1991,m_capex_imputed,4.19269007088274,CapEx
Non-top field,1992,m_opex_imputed,5.8908219259058,OpEx
Non-top field,1992,m_capex_imputed,4.4006700488307,CapEx
Non-top field,1993,m_opex_imputed,5.97273308614954,OpEx
Non-top field,1993,m_capex_imputed,4.09141358766469,CapEx
Non-top field,1994,m_opex_imputed,6.1783161381917,OpEx
Non-top field,1994,m_capex_imputed,4.10805746488801,CapEx
Non-top field,1995,m_opex_imputed,6.42154363242754,OpEx
Non-top field,1995,m_capex_imputed,4.18168774624506,CapEx
Non-top field,1996,m_opex_imputed,6.86047462666337,OpEx
Non-top field,1996,m_capex_imputed,4.25556755411726,CapEx
Non-top field,1997,m_opex_imputed,7.08115106210474,OpEx
Non-top field,1997,m_capex_imputed,4.36995145279974,CapEx
Non-top field,1998,m_opex_imputed,7.13784259504282,OpEx
Non-top field,1998,m_capex_imputed,4.40540359611331,CapEx
Non-top field,1999,m_opex_imputed,7.72816087501647,OpEx
Non-top field,1999,m_capex_imputed,4.33422663092885,CapEx
Non-top field,2000,m_opex_imputed,8.27996663423913,OpEx
Non-top field,2000,m_capex_imputed,4.49399822737154,CapEx
Non-top field,2001,m_opex_imputed,8.91316165275033,OpEx
Non-top field,2001,m_capex_imputed,4.89083661693017,CapEx
Non-top field,2002,m_opex_imputed,9.41919836190711,OpEx
Non-top field,2002,m_capex_imputed,5.14526414018445,CapEx
Non-top field,2003,m_opex_imputed,10.3588690130929,OpEx
Non-top field,2003,m_capex_imputed,5.04995212068511,CapEx
Non-top field,2004,m_opex_imputed,11.2112666524209,OpEx
Non-top field,2004,m_capex_imputed,5.43881929347826,CapEx
Non-top field,2005,m_opex_imputed,12.3398507350955,OpEx
Non-top field,2005,m_capex_imputed,6.29692251758893,CapEx
Non-top field,2006,m_opex_imputed,13.8739104763669,OpEx
Non-top field,2006,m_capex_imputed,7.28365403125824,CapEx
Non-top field,2007,m_opex_imputed,15.903935483531,OpEx
Non-top field,2007,m_capex_imputed,7.53562500974967,CapEx
Non-top field,2008,m_opex_imputed,18.3359127249671,OpEx
Non-top field,2008,m_capex_imputed,7.57962173320158,CapEx
Non-top field,2009,m_opex_imputed,19.4507770154809,OpEx
Non-top field,2009,m_capex_imputed,5.722096089361,CapEx
Non-top field,2010,m_opex_imputed,20.3172133705534,OpEx
Non-top field,2010,m_capex_imputed,6.49759958507905,CapEx
Non-top field,2011,m_opex_imputed,21.7216051969697,OpEx
Non-top field,2011,m_capex_imputed,6.62033270121871,CapEx
Non-top field,2012,m_opex_imputed,22.2491827743742,OpEx
Non-top field,2012,m_capex_imputed,7.71087970843215,CapEx
Non-top field,2013,m_opex_imputed,23.020713863307,OpEx
Non-top field,2013,m_capex_imputed,7.955962231917,CapEx
Non-top field,2014,m_opex_imputed,22.0310814166667,OpEx
Non-top field,2014,m_capex_imputed,7.71889166189065,CapEx
Non-top field,2015,m_opex_imputed,18.6665543738472,OpEx
Non-top field,2015,m_capex_imputed,6.11607493606719,CapEx
Non-top field,2016,m_opex_imputed,16.9185997651515,OpEx
Non-top field,2016,m_capex_imputed,6.47054873988801,CapEx
Non-top field,2017,m_opex_imputed,16.9544663861989,OpEx
Non-top field,2017,m_capex_imputed,7.4829765013834,CapEx
Non-top field,2018,m_opex_imputed,18.7761487096509,OpEx
Non-top field,2018,m_capex_imputed,8.32698540055995,CapEx
Non-top field,2019,m_opex_imputed,18.0469354550395,OpEx
Non-top field,2019,m_capex_imputed,8.23776888913043,CapEx
Poso Creek,1977,m_opex_imputed,,OpEx
Poso Creek,1977,m_capex_imputed,,CapEx
Poso Creek,1978,m_opex_imputed,1.264942575,OpEx
Poso Creek,1978,m_capex_imputed,6.7047636,CapEx
Poso Creek,1979,m_opex_imputed,1.557885075,OpEx
Poso Creek,1979,m_capex_imputed,6.787499575,CapEx
Poso Creek,1980,m_opex_imputed,2.212726575,OpEx
Poso Creek,1980,m_capex_imputed,6.94246825,CapEx
Poso Creek,1981,m_opex_imputed,3.388362075,OpEx
Poso Creek,1981,m_capex_imputed,7.19237975,CapEx
Poso Creek,1982,m_opex_imputed,5.351172075,OpEx
Poso Creek,1982,m_capex_imputed,7.42269675,CapEx
Poso Creek,1983,m_opex_imputed,3.138429575,OpEx
Poso Creek,1983,m_capex_imputed,7.1629115,CapEx
Poso Creek,1984,m_opex_imputed,3.083717075,OpEx
Poso Creek,1984,m_capex_imputed,7.168879,CapEx
Poso Creek,1985,m_opex_imputed,3.086282075,OpEx
Poso Creek,1985,m_capex_imputed,7.2553385,CapEx
Poso Creek,1986,m_opex_imputed,2.407983125,OpEx
Poso Creek,1986,m_capex_imputed,7.16011075,CapEx
Poso Creek,1987,m_opex_imputed,2.613074125,OpEx
Poso Creek,1987,m_capex_imputed,7.1341,CapEx
Poso Creek,1988,m_opex_imputed,2.782570375,OpEx
Poso Creek,1988,m_capex_imputed,7.2537885,CapEx
Poso Creek,1989,m_opex_imputed,3.081605125,OpEx
Poso Creek,1989,m_capex_imputed,7.28119375,CapEx
Poso Creek,1990,m_opex_imputed,3.549655125,OpEx
Poso Creek,1990,m_capex_imputed,7.33131975,CapEx
Poso Creek,1991,m_opex_imputed,5.722783625,OpEx
Poso Creek,1991,m_capex_imputed,7.35335875,CapEx
Poso Creek,1992,m_opex_imputed,4.013074625,OpEx
Poso Creek,1992,m_capex_imputed,7.35914325,CapEx
Poso Creek,1993,m_opex_imputed,3.667574625,OpEx
Poso Creek,1993,m_capex_imputed,7.394667,CapEx
Poso Creek,1994,m_opex_imputed,3.550945875,OpEx
Poso Creek,1994,m_capex_imputed,7.4336915,CapEx
Poso Creek,1995,m_opex_imputed,3.483569875,OpEx
Poso Creek,1995,m_capex_imputed,7.51714175,CapEx
Poso Creek,1996,m_opex_imputed,3.672744875,OpEx
Poso Creek,1996,m_capex_imputed,7.60528975,CapEx
Poso Creek,1997,m_opex_imputed,3.620498875,OpEx
Poso Creek,1997,m_capex_imputed,7.736507,CapEx
Poso Creek,1998,m_opex_imputed,3.375767875,OpEx
Poso Creek,1998,m_capex_imputed,7.79135775,CapEx
Poso Creek,1999,m_opex_imputed,4.091837125,OpEx
Poso Creek,1999,m_capex_imputed,7.74226875,CapEx
Poso Creek,2000,m_opex_imputed,4.718546375,OpEx
Poso Creek,2000,m_capex_imputed,7.8870135,CapEx
Poso Creek,2001,m_opex_imputed,5.510598375,OpEx
Poso Creek,2001,m_capex_imputed,8.22818475,CapEx
Poso Creek,2002,m_opex_imputed,5.819306625,OpEx
Poso Creek,2002,m_capex_imputed,8.49172725,CapEx
Poso Creek,2003,m_opex_imputed,9.667676875,OpEx
Poso Creek,2003,m_capex_imputed,8.4600305,CapEx
Poso Creek,2004,m_opex_imputed,8.146269625,OpEx
Poso Creek,2004,m_capex_imputed,8.8208455,CapEx
Poso Creek,2005,m_opex_imputed,9.374007875,OpEx
Poso Creek,2005,m_capex_imputed,9.53338225,CapEx
Poso Creek,2006,m_opex_imputed,12.369662875,OpEx
Poso Creek,2006,m_capex_imputed,10.47645825,CapEx
Poso Creek,2007,m_opex_imputed,14.82439725,OpEx
Poso Creek,2007,m_capex_imputed,10.67408,CapEx
Poso Creek,2008,m_opex_imputed,15.659844,OpEx
Poso Creek,2008,m_capex_imputed,11.204764,CapEx
Poso Creek,2009,m_opex_imputed,19.2342425,OpEx
Poso Creek,2009,m_capex_imputed,9.76513375,CapEx
Poso Creek,2010,m_opex_imputed,20.309265,OpEx
Poso Creek,2010,m_capex_imputed,10.13880575,CapEx
Poso Creek,2011,m_opex_imputed,22.059845,OpEx
Poso Creek,2011,m_capex_imputed,9.4344745,CapEx
Poso Creek,2012,m_opex_imputed,22.6064525,OpEx
Poso Creek,2012,m_capex_imputed,10.32293825,CapEx
Poso Creek,2013,m_opex_imputed,23.5207,OpEx
Poso Creek,2013,m_capex_imputed,10.56261425,CapEx
Poso Creek,2014,m_opex_imputed,23.5486925,OpEx
Poso Creek,2014,m_capex_imputed,10.47252775,CapEx
Poso Creek,2015,m_opex_imputed,19.64206,OpEx
Poso Creek,2015,m_capex_imputed,10.8711245,CapEx
Poso Creek,2016,m_opex_imputed,18.3861525,OpEx
Poso Creek,2016,m_capex_imputed,10.90313375,CapEx
Poso Creek,2017,m_opex_imputed,18.9673325,OpEx
Poso Creek,2017,m_capex_imputed,10.643553,CapEx
Poso Creek,2018,m_opex_imputed,20.24927,OpEx
Poso Creek,2018,m_capex_imputed,11.01304475,CapEx
Poso Creek,2019,m_opex_imputed,19.426175,OpEx
Poso Creek,2019,m_capex_imputed,11.245319,CapEx
San Ardo,1977,m_opex_imputed,,OpEx
San Ardo,1977,m_capex_imputed,,CapEx
San Ardo,1978,m_opex_imputed,1.74536825,OpEx
San Ardo,1978,m_capex_imputed,7.3210387,CapEx
San Ardo,1979,m_opex_imputed,2.34181825,OpEx
San Ardo,1979,m_capex_imputed,7.43355745,CapEx
San Ardo,1980,m_opex_imputed,3.78148225,OpEx
San Ardo,1980,m_capex_imputed,7.6974335,CapEx
San Ardo,1981,m_opex_imputed,6.40202575,OpEx
San Ardo,1981,m_capex_imputed,8.156746,CapEx
San Ardo,1982,m_opex_imputed,10.78401575,OpEx
San Ardo,1982,m_capex_imputed,8.586071,CapEx
San Ardo,1983,m_opex_imputed,5.89743075,OpEx
San Ardo,1983,m_capex_imputed,8.0144785,CapEx
San Ardo,1984,m_opex_imputed,5.78985575,OpEx
San Ardo,1984,m_capex_imputed,7.9817695,CapEx
San Ardo,1985,m_opex_imputed,5.80165575,OpEx
San Ardo,1985,m_capex_imputed,8.1128685,CapEx
San Ardo,1986,m_opex_imputed,3.97558925,OpEx
San Ardo,1986,m_capex_imputed,7.874824,CapEx
San Ardo,1987,m_opex_imputed,4.11319675,OpEx
San Ardo,1987,m_capex_imputed,7.813044,CapEx
San Ardo,1988,m_opex_imputed,4.15677575,OpEx
San Ardo,1988,m_capex_imputed,8.079817,CapEx
San Ardo,1989,m_opex_imputed,4.50313125,OpEx
San Ardo,1989,m_capex_imputed,8.150468,CapEx
San Ardo,1990,m_opex_imputed,5.15990575,OpEx
San Ardo,1990,m_capex_imputed,8.228748,CapEx
San Ardo,1991,m_opex_imputed,5.00235575,OpEx
San Ardo,1991,m_capex_imputed,8.2333,CapEx
San Ardo,1992,m_opex_imputed,4.27471275,OpEx
San Ardo,1992,m_capex_imputed,8.1671935,CapEx
San Ardo,1993,m_opex_imputed,4.05295725,OpEx
San Ardo,1993,m_capex_imputed,8.2095885,CapEx
San Ardo,1994,m_opex_imputed,4.02403175,OpEx
San Ardo,1994,m_capex_imputed,8.26693,CapEx
San Ardo,1995,m_opex_imputed,4.22501225,OpEx
San Ardo,1995,m_capex_imputed,8.64774,CapEx
San Ardo,1996,m_opex_imputed,4.34702875,OpEx
San Ardo,1996,m_capex_imputed,8.7702205,CapEx
San Ardo,1997,m_opex_imputed,4.14979375,OpEx
San Ardo,1997,m_capex_imputed,8.973443,CapEx
San Ardo,1998,m_opex_imputed,3.83720375,OpEx
San Ardo,1998,m_capex_imputed,8.9914935,CapEx
San Ardo,1999,m_opex_imputed,4.17280675,OpEx
San Ardo,1999,m_capex_imputed,8.723878,CapEx
San Ardo,2000,m_opex_imputed,4.37265775,OpEx
San Ardo,2000,m_capex_imputed,9.060836,CapEx
San Ardo,2001,m_opex_imputed,4.87918475,OpEx
San Ardo,2001,m_capex_imputed,9.9105045,CapEx
San Ardo,2002,m_opex_imputed,5.07673025,OpEx
San Ardo,2002,m_capex_imputed,10.2322755,CapEx
San Ardo,2003,m_opex_imputed,5.89636575,OpEx
San Ardo,2003,m_capex_imputed,10.0533025,CapEx
San Ardo,2004,m_opex_imputed,6.69434075,OpEx
San Ardo,2004,m_capex_imputed,10.918596,CapEx
San Ardo,2005,m_opex_imputed,7.84042575,OpEx
San Ardo,2005,m_capex_imputed,12.502292,CapEx
San Ardo,2006,m_opex_imputed,9.68622075,OpEx
San Ardo,2006,m_capex_imputed,13.061675,CapEx
San Ardo,2007,m_opex_imputed,12.7671995,OpEx
San Ardo,2007,m_capex_imputed,13.621065,CapEx
San Ardo,2008,m_opex_imputed,15.486178,OpEx
San Ardo,2008,m_capex_imputed,14.180445,CapEx
San Ardo,2009,m_opex_imputed,19.805225,OpEx
San Ardo,2009,m_capex_imputed,14.73983,CapEx
San Ardo,2010,m_opex_imputed,20.55267,OpEx
San Ardo,2010,m_capex_imputed,15.299215,CapEx
San Ardo,2011,m_opex_imputed,21.911445,OpEx
San Ardo,2011,m_capex_imputed,13.50136,CapEx
San Ardo,2012,m_opex_imputed,22.433245,OpEx
San Ardo,2012,m_capex_imputed,14.72318,CapEx
San Ardo,2013,m_opex_imputed,23.356765,OpEx
San Ardo,2013,m_capex_imputed,13.569765,CapEx
San Ardo,2014,m_opex_imputed,23.15268,OpEx
San Ardo,2014,m_capex_imputed,12.224427,CapEx
San Ardo,2015,m_opex_imputed,19.166085,OpEx
San Ardo,2015,m_capex_imputed,10.8216815,CapEx
San Ardo,2016,m_opex_imputed,17.58581,OpEx
San Ardo,2016,m_capex_imputed,10.2995095,CapEx
San Ardo,2017,m_opex_imputed,18.43523,OpEx
San Ardo,2017,m_capex_imputed,13.2638,CapEx
San Ardo,2018,m_opex_imputed,19.75691,OpEx
San Ardo,2018,m_capex_imputed,14.069505,CapEx
San Ardo,2019,m_opex_imputed,18.754115,OpEx
San Ardo,2019,m_capex_imputed,14.67093,CapEx
Wilmington,1977,m_opex_imputed,,OpEx
Wilmington,1977,m_capex_imputed,,CapEx
Wilmington,1978,m_opex_imputed,1.51064214,OpEx
Wilmington,1978,m_capex_imputed,2.8541569,CapEx
Wilmington,1979,m_opex_imputed,2.00088514,OpEx
Wilmington,1979,m_capex_imputed,2.89084328,CapEx
Wilmington,1980,m_opex_imputed,3.10300714,OpEx
Wilmington,1980,m_capex_imputed,2.93892808,CapEx
Wilmington,1981,m_opex_imputed,4.99227034,OpEx
Wilmington,1981,m_capex_imputed,3.00355484,CapEx
Wilmington,1982,m_opex_imputed,8.14635344,OpEx
Wilmington,1982,m_capex_imputed,3.0606706,CapEx
Wilmington,1983,m_opex_imputed,4.56918244,OpEx
Wilmington,1983,m_capex_imputed,3.02399824,CapEx
Wilmington,1984,m_opex_imputed,4.6458633,OpEx
Wilmington,1984,m_capex_imputed,3.03999182,CapEx
Wilmington,1985,m_opex_imputed,7.0053341,OpEx
Wilmington,1985,m_capex_imputed,2.58742222,CapEx
Wilmington,1986,m_opex_imputed,4.6669093,OpEx
Wilmington,1986,m_capex_imputed,4.37330016,CapEx
Wilmington,1987,m_opex_imputed,4.7489735,OpEx
Wilmington,1987,m_capex_imputed,5.47358444,CapEx
Wilmington,1988,m_opex_imputed,4.6934849,OpEx
Wilmington,1988,m_capex_imputed,5.2871678,CapEx
Wilmington,1989,m_opex_imputed,5.1785806,OpEx
Wilmington,1989,m_capex_imputed,4.20304436,CapEx
Wilmington,1990,m_opex_imputed,7.2129284,OpEx
Wilmington,1990,m_capex_imputed,3.8347619,CapEx
Wilmington,1991,m_opex_imputed,6.5533476,OpEx
Wilmington,1991,m_capex_imputed,3.56181106,CapEx
Wilmington,1992,m_opex_imputed,5.4520742,OpEx
Wilmington,1992,m_capex_imputed,3.35792894,CapEx
Wilmington,1993,m_opex_imputed,5.0479158,OpEx
Wilmington,1993,m_capex_imputed,3.18935322,CapEx
Wilmington,1994,m_opex_imputed,4.9023974,OpEx
Wilmington,1994,m_capex_imputed,3.00651706,CapEx
Wilmington,1995,m_opex_imputed,4.8568606,OpEx
Wilmington,1995,m_capex_imputed,2.90992216,CapEx
Wilmington,1996,m_opex_imputed,5.2331592,OpEx
Wilmington,1996,m_capex_imputed,2.88950454,CapEx
Wilmington,1997,m_opex_imputed,5.1011168,OpEx
Wilmington,1997,m_capex_imputed,2.9022328,CapEx
Wilmington,1998,m_opex_imputed,4.5962306,OpEx
Wilmington,1998,m_capex_imputed,2.80862568,CapEx
Wilmington,1999,m_opex_imputed,5.1803088,OpEx
Wilmington,1999,m_capex_imputed,2.73416132,CapEx
Wilmington,2000,m_opex_imputed,5.7297574,OpEx
Wilmington,2000,m_capex_imputed,2.92452048,CapEx
Wilmington,2001,m_opex_imputed,6.3172156,OpEx
Wilmington,2001,m_capex_imputed,3.40803148,CapEx
Wilmington,2002,m_opex_imputed,6.6399694,OpEx
Wilmington,2002,m_capex_imputed,3.67316706,CapEx
Wilmington,2003,m_opex_imputed,7.8032954,OpEx
Wilmington,2003,m_capex_imputed,3.39189452,CapEx
Wilmington,2004,m_opex_imputed,8.9723788,OpEx
Wilmington,2004,m_capex_imputed,3.8631779,CapEx
Wilmington,2005,m_opex_imputed,10.9502508,OpEx
Wilmington,2005,m_capex_imputed,5.24541872,CapEx
Wilmington,2006,m_opex_imputed,13.5564162,OpEx
Wilmington,2006,m_capex_imputed,5.23574428,CapEx
Wilmington,2007,m_opex_imputed,16.6790322,OpEx
Wilmington,2007,m_capex_imputed,5.2387658,CapEx
Wilmington,2008,m_opex_imputed,22.197474,OpEx
Wilmington,2008,m_capex_imputed,5.9263156,CapEx
Wilmington,2009,m_opex_imputed,18.2920226,OpEx
Wilmington,2009,m_capex_imputed,6.38630764,CapEx
Wilmington,2010,m_opex_imputed,19.460968,OpEx
Wilmington,2010,m_capex_imputed,7.8952574,CapEx
Wilmington,2011,m_opex_imputed,21.61602,OpEx
Wilmington,2011,m_capex_imputed,9.5692128,CapEx
Wilmington,2012,m_opex_imputed,21.999386,OpEx
Wilmington,2012,m_capex_imputed,8.8583728,CapEx
Wilmington,2013,m_opex_imputed,22.723424,OpEx
Wilmington,2013,m_capex_imputed,8.9178086,CapEx
Wilmington,2014,m_opex_imputed,22.553766,OpEx
Wilmington,2014,m_capex_imputed,8.5551906,CapEx
Wilmington,2015,m_opex_imputed,18.5981252,OpEx
Wilmington,2015,m_capex_imputed,7.9054472,CapEx
Wilmington,2016,m_opex_imputed,17.571349,OpEx
Wilmington,2016,m_capex_imputed,5.002464,CapEx
Wilmington,2017,m_opex_imputed,18.4371644,OpEx
Wilmington,2017,m_capex_imputed,7.6424952,CapEx
Wilmington,2018,m_opex_imputed,20.442628,OpEx
Wilmington,2018,m_capex_imputed,10.0412768,CapEx
Wilmington,2019,m_opex_imputed,20.2767564,OpEx
Wilmington,2019,m_capex_imputed,8.3399246,CapEx
